AID/agricultural/farmland_103.jpg,0
AID/agricultural/farmland_104.jpg,0
AID/agricultural/farmland_107.jpg,0
AID/agricultural/farmland_109.jpg,0
AID/agricultural/farmland_120.jpg,0
AID/agricultural/farmland_128.jpg,0
AID/agricultural/farmland_129.jpg,0
AID/agricultural/farmland_14.jpg,0
AID/agricultural/farmland_142.jpg,0
AID/agricultural/farmland_15.jpg,0
AID/agricultural/farmland_150.jpg,0
AID/agricultural/farmland_152.jpg,0
AID/agricultural/farmland_153.jpg,0
AID/agricultural/farmland_158.jpg,0
AID/agricultural/farmland_167.jpg,0
AID/agricultural/farmland_171.jpg,0
AID/agricultural/farmland_180.jpg,0
AID/agricultural/farmland_19.jpg,0
AID/agricultural/farmland_191.jpg,0
AID/agricultural/farmland_192.jpg,0
AID/agricultural/farmland_197.jpg,0
AID/agricultural/farmland_204.jpg,0
AID/agricultural/farmland_209.jpg,0
AID/agricultural/farmland_213.jpg,0
AID/agricultural/farmland_220.jpg,0
AID/agricultural/farmland_224.jpg,0
AID/agricultural/farmland_225.jpg,0
AID/agricultural/farmland_230.jpg,0
AID/agricultural/farmland_233.jpg,0
AID/agricultural/farmland_239.jpg,0
AID/agricultural/farmland_242.jpg,0
AID/agricultural/farmland_247.jpg,0
AID/agricultural/farmland_248.jpg,0
AID/agricultural/farmland_253.jpg,0
AID/agricultural/farmland_26.jpg,0
AID/agricultural/farmland_269.jpg,0
AID/agricultural/farmland_274.jpg,0
AID/agricultural/farmland_287.jpg,0
AID/agricultural/farmland_288.jpg,0
AID/agricultural/farmland_293.jpg,0
AID/agricultural/farmland_298.jpg,0
AID/agricultural/farmland_299.jpg,0
AID/agricultural/farmland_300.jpg,0
AID/agricultural/farmland_305.jpg,0
AID/agricultural/farmland_307.jpg,0
AID/agricultural/farmland_318.jpg,0
AID/agricultural/farmland_337.jpg,0
AID/agricultural/farmland_345.jpg,0
AID/agricultural/farmland_347.jpg,0
AID/agricultural/farmland_355.jpg,0
AID/agricultural/farmland_359.jpg,0
AID/agricultural/farmland_363.jpg,0
AID/agricultural/farmland_364.jpg,0
AID/agricultural/farmland_367.jpg,0
AID/agricultural/farmland_368.jpg,0
AID/agricultural/farmland_370.jpg,0
AID/agricultural/farmland_46.jpg,0
AID/agricultural/farmland_5.jpg,0
AID/agricultural/farmland_56.jpg,0
AID/agricultural/farmland_62.jpg,0
AID/agricultural/farmland_69.jpg,0
AID/agricultural/farmland_76.jpg,0
AID/agricultural/farmland_82.jpg,0
AID/agricultural/farmland_98.jpg,0
AID/baseball_diamond/baseballfield_100.jpg,1
AID/baseball_diamond/baseballfield_103.jpg,1
AID/baseball_diamond/baseballfield_104.jpg,1
AID/baseball_diamond/baseballfield_115.jpg,1
AID/baseball_diamond/baseballfield_119.jpg,1
AID/baseball_diamond/baseballfield_120.jpg,1
AID/baseball_diamond/baseballfield_123.jpg,1
AID/baseball_diamond/baseballfield_127.jpg,1
AID/baseball_diamond/baseballfield_132.jpg,1
AID/baseball_diamond/baseballfield_136.jpg,1
AID/baseball_diamond/baseballfield_14.jpg,1
AID/baseball_diamond/baseballfield_143.jpg,1
AID/baseball_diamond/baseballfield_148.jpg,1
AID/baseball_diamond/baseballfield_149.jpg,1
AID/baseball_diamond/baseballfield_15.jpg,1
AID/baseball_diamond/baseballfield_151.jpg,1
AID/baseball_diamond/baseballfield_153.jpg,1
AID/baseball_diamond/baseballfield_154.jpg,1
AID/baseball_diamond/baseballfield_159.jpg,1
AID/baseball_diamond/baseballfield_161.jpg,1
AID/baseball_diamond/baseballfield_162.jpg,1
AID/baseball_diamond/baseballfield_166.jpg,1
AID/baseball_diamond/baseballfield_186.jpg,1
AID/baseball_diamond/baseballfield_189.jpg,1
AID/baseball_diamond/baseballfield_19.jpg,1
AID/baseball_diamond/baseballfield_193.jpg,1
AID/baseball_diamond/baseballfield_197.jpg,1
AID/baseball_diamond/baseballfield_200.jpg,1
AID/baseball_diamond/baseballfield_207.jpg,1
AID/baseball_diamond/baseballfield_208.jpg,1
AID/baseball_diamond/baseballfield_209.jpg,1
AID/baseball_diamond/baseballfield_213.jpg,1
AID/baseball_diamond/baseballfield_216.jpg,1
AID/baseball_diamond/baseballfield_23.jpg,1
AID/baseball_diamond/baseballfield_24.jpg,1
AID/baseball_diamond/baseballfield_27.jpg,1
AID/baseball_diamond/baseballfield_31.jpg,1
AID/baseball_diamond/baseballfield_40.jpg,1
AID/baseball_diamond/baseballfield_42.jpg,1
AID/baseball_diamond/baseballfield_46.jpg,1
AID/baseball_diamond/baseballfield_47.jpg,1
AID/baseball_diamond/baseballfield_49.jpg,1
AID/baseball_diamond/baseballfield_5.jpg,1
AID/baseball_diamond/baseballfield_53.jpg,1
AID/baseball_diamond/baseballfield_56.jpg,1
AID/baseball_diamond/baseballfield_58.jpg,1
AID/baseball_diamond/baseballfield_62.jpg,1
AID/baseball_diamond/baseballfield_64.jpg,1
AID/baseball_diamond/baseballfield_68.jpg,1
AID/baseball_diamond/baseballfield_74.jpg,1
AID/baseball_diamond/baseballfield_75.jpg,1
AID/baseball_diamond/baseballfield_78.jpg,1
AID/baseball_diamond/baseballfield_80.jpg,1
AID/baseball_diamond/baseballfield_83.jpg,1
AID/baseball_diamond/baseballfield_84.jpg,1
AID/baseball_diamond/baseballfield_86.jpg,1
AID/baseball_diamond/baseballfield_88.jpg,1
AID/baseball_diamond/baseballfield_9.jpg,1
AID/baseball_diamond/baseballfield_90.jpg,1
AID/baseball_diamond/baseballfield_92.jpg,1
AID/baseball_diamond/baseballfield_93.jpg,1
AID/baseball_diamond/baseballfield_96.jpg,1
AID/baseball_diamond/baseballfield_97.jpg,1
AID/baseball_diamond/baseballfield_99.jpg,1
AID/beach/beach_100.jpg,2
AID/beach/beach_112.jpg,2
AID/beach/beach_124.jpg,2
AID/beach/beach_125.jpg,2
AID/beach/beach_126.jpg,2
AID/beach/beach_127.jpg,2
AID/beach/beach_129.jpg,2
AID/beach/beach_142.jpg,2
AID/beach/beach_149.jpg,2
AID/beach/beach_15.jpg,2
AID/beach/beach_151.jpg,2
AID/beach/beach_152.jpg,2
AID/beach/beach_16.jpg,2
AID/beach/beach_160.jpg,2
AID/beach/beach_166.jpg,2
AID/beach/beach_169.jpg,2
AID/beach/beach_180.jpg,2
AID/beach/beach_181.jpg,2
AID/beach/beach_184.jpg,2
AID/beach/beach_194.jpg,2
AID/beach/beach_195.jpg,2
AID/beach/beach_196.jpg,2
AID/beach/beach_197.jpg,2
AID/beach/beach_199.jpg,2
AID/beach/beach_202.jpg,2
AID/beach/beach_206.jpg,2
AID/beach/beach_210.jpg,2
AID/beach/beach_211.jpg,2
AID/beach/beach_22.jpg,2
AID/beach/beach_228.jpg,2
AID/beach/beach_24.jpg,2
AID/beach/beach_241.jpg,2
AID/beach/beach_246.jpg,2
AID/beach/beach_254.jpg,2
AID/beach/beach_256.jpg,2
AID/beach/beach_257.jpg,2
AID/beach/beach_260.jpg,2
AID/beach/beach_261.jpg,2
AID/beach/beach_268.jpg,2
AID/beach/beach_273.jpg,2
AID/beach/beach_276.jpg,2
AID/beach/beach_280.jpg,2
AID/beach/beach_282.jpg,2
AID/beach/beach_304.jpg,2
AID/beach/beach_305.jpg,2
AID/beach/beach_315.jpg,2
AID/beach/beach_316.jpg,2
AID/beach/beach_329.jpg,2
AID/beach/beach_335.jpg,2
AID/beach/beach_336.jpg,2
AID/beach/beach_341.jpg,2
AID/beach/beach_344.jpg,2
AID/beach/beach_38.jpg,2
AID/beach/beach_396.jpg,2
AID/beach/beach_47.jpg,2
AID/beach/beach_56.jpg,2
AID/beach/beach_59.jpg,2
AID/beach/beach_61.jpg,2
AID/beach/beach_76.jpg,2
AID/beach/beach_81.jpg,2
AID/beach/beach_84.jpg,2
AID/beach/beach_86.jpg,2
AID/beach/beach_88.jpg,2
AID/beach/beach_99.jpg,2
AID/dense_residential/denseresidential_11.jpg,3
AID/dense_residential/denseresidential_110.jpg,3
AID/dense_residential/denseresidential_111.jpg,3
AID/dense_residential/denseresidential_112.jpg,3
AID/dense_residential/denseresidential_113.jpg,3
AID/dense_residential/denseresidential_117.jpg,3
AID/dense_residential/denseresidential_120.jpg,3
AID/dense_residential/denseresidential_121.jpg,3
AID/dense_residential/denseresidential_122.jpg,3
AID/dense_residential/denseresidential_126.jpg,3
AID/dense_residential/denseresidential_127.jpg,3
AID/dense_residential/denseresidential_128.jpg,3
AID/dense_residential/denseresidential_159.jpg,3
AID/dense_residential/denseresidential_166.jpg,3
AID/dense_residential/denseresidential_171.jpg,3
AID/dense_residential/denseresidential_172.jpg,3
AID/dense_residential/denseresidential_174.jpg,3
AID/dense_residential/denseresidential_177.jpg,3
AID/dense_residential/denseresidential_179.jpg,3
AID/dense_residential/denseresidential_182.jpg,3
AID/dense_residential/denseresidential_195.jpg,3
AID/dense_residential/denseresidential_198.jpg,3
AID/dense_residential/denseresidential_199.jpg,3
AID/dense_residential/denseresidential_208.jpg,3
AID/dense_residential/denseresidential_234.jpg,3
AID/dense_residential/denseresidential_238.jpg,3
AID/dense_residential/denseresidential_239.jpg,3
AID/dense_residential/denseresidential_245.jpg,3
AID/dense_residential/denseresidential_250.jpg,3
AID/dense_residential/denseresidential_255.jpg,3
AID/dense_residential/denseresidential_258.jpg,3
AID/dense_residential/denseresidential_268.jpg,3
AID/dense_residential/denseresidential_276.jpg,3
AID/dense_residential/denseresidential_29.jpg,3
AID/dense_residential/denseresidential_302.jpg,3
AID/dense_residential/denseresidential_312.jpg,3
AID/dense_residential/denseresidential_314.jpg,3
AID/dense_residential/denseresidential_316.jpg,3
AID/dense_residential/denseresidential_319.jpg,3
AID/dense_residential/denseresidential_331.jpg,3
AID/dense_residential/denseresidential_338.jpg,3
AID/dense_residential/denseresidential_339.jpg,3
AID/dense_residential/denseresidential_343.jpg,3
AID/dense_residential/denseresidential_356.jpg,3
AID/dense_residential/denseresidential_357.jpg,3
AID/dense_residential/denseresidential_361.jpg,3
AID/dense_residential/denseresidential_366.jpg,3
AID/dense_residential/denseresidential_368.jpg,3
AID/dense_residential/denseresidential_389.jpg,3
AID/dense_residential/denseresidential_407.jpg,3
AID/dense_residential/denseresidential_48.jpg,3
AID/dense_residential/denseresidential_5.jpg,3
AID/dense_residential/denseresidential_52.jpg,3
AID/dense_residential/denseresidential_56.jpg,3
AID/dense_residential/denseresidential_57.jpg,3
AID/dense_residential/denseresidential_65.jpg,3
AID/dense_residential/denseresidential_7.jpg,3
AID/dense_residential/denseresidential_72.jpg,3
AID/dense_residential/denseresidential_73.jpg,3
AID/dense_residential/denseresidential_76.jpg,3
AID/dense_residential/denseresidential_82.jpg,3
AID/dense_residential/denseresidential_84.jpg,3
AID/dense_residential/denseresidential_88.jpg,3
AID/dense_residential/denseresidential_91.jpg,3
AID/forest/forest_10.jpg,4
AID/forest/forest_100.jpg,4
AID/forest/forest_107.jpg,4
AID/forest/forest_108.jpg,4
AID/forest/forest_113.jpg,4
AID/forest/forest_115.jpg,4
AID/forest/forest_120.jpg,4
AID/forest/forest_124.jpg,4
AID/forest/forest_129.jpg,4
AID/forest/forest_132.jpg,4
AID/forest/forest_134.jpg,4
AID/forest/forest_137.jpg,4
AID/forest/forest_139.jpg,4
AID/forest/forest_14.jpg,4
AID/forest/forest_140.jpg,4
AID/forest/forest_144.jpg,4
AID/forest/forest_158.jpg,4
AID/forest/forest_16.jpg,4
AID/forest/forest_160.jpg,4
AID/forest/forest_162.jpg,4
AID/forest/forest_168.jpg,4
AID/forest/forest_170.jpg,4
AID/forest/forest_177.jpg,4
AID/forest/forest_18.jpg,4
AID/forest/forest_181.jpg,4
AID/forest/forest_185.jpg,4
AID/forest/forest_187.jpg,4
AID/forest/forest_189.jpg,4
AID/forest/forest_198.jpg,4
AID/forest/forest_199.jpg,4
AID/forest/forest_201.jpg,4
AID/forest/forest_203.jpg,4
AID/forest/forest_204.jpg,4
AID/forest/forest_205.jpg,4
AID/forest/forest_210.jpg,4
AID/forest/forest_211.jpg,4
AID/forest/forest_212.jpg,4
AID/forest/forest_218.jpg,4
AID/forest/forest_22.jpg,4
AID/forest/forest_227.jpg,4
AID/forest/forest_23.jpg,4
AID/forest/forest_230.jpg,4
AID/forest/forest_242.jpg,4
AID/forest/forest_244.jpg,4
AID/forest/forest_245.jpg,4
AID/forest/forest_247.jpg,4
AID/forest/forest_250.jpg,4
AID/forest/forest_36.jpg,4
AID/forest/forest_37.jpg,4
AID/forest/forest_41.jpg,4
AID/forest/forest_45.jpg,4
AID/forest/forest_51.jpg,4
AID/forest/forest_61.jpg,4
AID/forest/forest_64.jpg,4
AID/forest/forest_74.jpg,4
AID/forest/forest_78.jpg,4
AID/forest/forest_81.jpg,4
AID/forest/forest_83.jpg,4
AID/forest/forest_84.jpg,4
AID/forest/forest_88.jpg,4
AID/forest/forest_89.jpg,4
AID/forest/forest_95.jpg,4
AID/forest/forest_97.jpg,4
AID/forest/forest_99.jpg,4
AID/medium_residential/mediumresidential_1.jpg,5
AID/medium_residential/mediumresidential_100.jpg,5
AID/medium_residential/mediumresidential_101.jpg,5
AID/medium_residential/mediumresidential_102.jpg,5
AID/medium_residential/mediumresidential_103.jpg,5
AID/medium_residential/mediumresidential_105.jpg,5
AID/medium_residential/mediumresidential_107.jpg,5
AID/medium_residential/mediumresidential_111.jpg,5
AID/medium_residential/mediumresidential_113.jpg,5
AID/medium_residential/mediumresidential_114.jpg,5
AID/medium_residential/mediumresidential_122.jpg,5
AID/medium_residential/mediumresidential_126.jpg,5
AID/medium_residential/mediumresidential_132.jpg,5
AID/medium_residential/mediumresidential_133.jpg,5
AID/medium_residential/mediumresidential_135.jpg,5
AID/medium_residential/mediumresidential_141.jpg,5
AID/medium_residential/mediumresidential_143.jpg,5
AID/medium_residential/mediumresidential_151.jpg,5
AID/medium_residential/mediumresidential_152.jpg,5
AID/medium_residential/mediumresidential_157.jpg,5
AID/medium_residential/mediumresidential_16.jpg,5
AID/medium_residential/mediumresidential_162.jpg,5
AID/medium_residential/mediumresidential_164.jpg,5
AID/medium_residential/mediumresidential_167.jpg,5
AID/medium_residential/mediumresidential_178.jpg,5
AID/medium_residential/mediumresidential_179.jpg,5
AID/medium_residential/mediumresidential_183.jpg,5
AID/medium_residential/mediumresidential_192.jpg,5
AID/medium_residential/mediumresidential_195.jpg,5
AID/medium_residential/mediumresidential_2.jpg,5
AID/medium_residential/mediumresidential_201.jpg,5
AID/medium_residential/mediumresidential_214.jpg,5
AID/medium_residential/mediumresidential_215.jpg,5
AID/medium_residential/mediumresidential_242.jpg,5
AID/medium_residential/mediumresidential_251.jpg,5
AID/medium_residential/mediumresidential_255.jpg,5
AID/medium_residential/mediumresidential_259.jpg,5
AID/medium_residential/mediumresidential_26.jpg,5
AID/medium_residential/mediumresidential_260.jpg,5
AID/medium_residential/mediumresidential_266.jpg,5
AID/medium_residential/mediumresidential_272.jpg,5
AID/medium_residential/mediumresidential_274.jpg,5
AID/medium_residential/mediumresidential_276.jpg,5
AID/medium_residential/mediumresidential_277.jpg,5
AID/medium_residential/mediumresidential_28.jpg,5
AID/medium_residential/mediumresidential_280.jpg,5
AID/medium_residential/mediumresidential_283.jpg,5
AID/medium_residential/mediumresidential_284.jpg,5
AID/medium_residential/mediumresidential_286.jpg,5
AID/medium_residential/mediumresidential_3.jpg,5
AID/medium_residential/mediumresidential_30.jpg,5
AID/medium_residential/mediumresidential_34.jpg,5
AID/medium_residential/mediumresidential_45.jpg,5
AID/medium_residential/mediumresidential_49.jpg,5
AID/medium_residential/mediumresidential_53.jpg,5
AID/medium_residential/mediumresidential_58.jpg,5
AID/medium_residential/mediumresidential_61.jpg,5
AID/medium_residential/mediumresidential_66.jpg,5
AID/medium_residential/mediumresidential_74.jpg,5
AID/medium_residential/mediumresidential_76.jpg,5
AID/medium_residential/mediumresidential_8.jpg,5
AID/medium_residential/mediumresidential_84.jpg,5
AID/medium_residential/mediumresidential_92.jpg,5
AID/medium_residential/mediumresidential_94.jpg,5
AID/parking_lot/parking_110.jpg,6
AID/parking_lot/parking_114.jpg,6
AID/parking_lot/parking_116.jpg,6
AID/parking_lot/parking_117.jpg,6
AID/parking_lot/parking_126.jpg,6
AID/parking_lot/parking_129.jpg,6
AID/parking_lot/parking_131.jpg,6
AID/parking_lot/parking_134.jpg,6
AID/parking_lot/parking_139.jpg,6
AID/parking_lot/parking_154.jpg,6
AID/parking_lot/parking_156.jpg,6
AID/parking_lot/parking_162.jpg,6
AID/parking_lot/parking_163.jpg,6
AID/parking_lot/parking_164.jpg,6
AID/parking_lot/parking_170.jpg,6
AID/parking_lot/parking_18.jpg,6
AID/parking_lot/parking_189.jpg,6
AID/parking_lot/parking_192.jpg,6
AID/parking_lot/parking_199.jpg,6
AID/parking_lot/parking_200.jpg,6
AID/parking_lot/parking_205.jpg,6
AID/parking_lot/parking_213.jpg,6
AID/parking_lot/parking_216.jpg,6
AID/parking_lot/parking_22.jpg,6
AID/parking_lot/parking_224.jpg,6
AID/parking_lot/parking_232.jpg,6
AID/parking_lot/parking_233.jpg,6
AID/parking_lot/parking_236.jpg,6
AID/parking_lot/parking_238.jpg,6
AID/parking_lot/parking_240.jpg,6
AID/parking_lot/parking_242.jpg,6
AID/parking_lot/parking_244.jpg,6
AID/parking_lot/parking_253.jpg,6
AID/parking_lot/parking_26.jpg,6
AID/parking_lot/parking_265.jpg,6
AID/parking_lot/parking_271.jpg,6
AID/parking_lot/parking_273.jpg,6
AID/parking_lot/parking_275.jpg,6
AID/parking_lot/parking_282.jpg,6
AID/parking_lot/parking_283.jpg,6
AID/parking_lot/parking_3.jpg,6
AID/parking_lot/parking_303.jpg,6
AID/parking_lot/parking_305.jpg,6
AID/parking_lot/parking_309.jpg,6
AID/parking_lot/parking_31.jpg,6
AID/parking_lot/parking_322.jpg,6
AID/parking_lot/parking_324.jpg,6
AID/parking_lot/parking_344.jpg,6
AID/parking_lot/parking_350.jpg,6
AID/parking_lot/parking_357.jpg,6
AID/parking_lot/parking_36.jpg,6
AID/parking_lot/parking_364.jpg,6
AID/parking_lot/parking_371.jpg,6
AID/parking_lot/parking_386.jpg,6
AID/parking_lot/parking_389.jpg,6
AID/parking_lot/parking_53.jpg,6
AID/parking_lot/parking_55.jpg,6
AID/parking_lot/parking_61.jpg,6
AID/parking_lot/parking_62.jpg,6
AID/parking_lot/parking_71.jpg,6
AID/parking_lot/parking_79.jpg,6
AID/parking_lot/parking_83.jpg,6
AID/parking_lot/parking_86.jpg,6
AID/parking_lot/parking_90.jpg,6
AID/river/river_100.jpg,7
AID/river/river_103.jpg,7
AID/river/river_113.jpg,7
AID/river/river_118.jpg,7
AID/river/river_12.jpg,7
AID/river/river_120.jpg,7
AID/river/river_121.jpg,7
AID/river/river_126.jpg,7
AID/river/river_140.jpg,7
AID/river/river_143.jpg,7
AID/river/river_147.jpg,7
AID/river/river_152.jpg,7
AID/river/river_157.jpg,7
AID/river/river_163.jpg,7
AID/river/river_165.jpg,7
AID/river/river_166.jpg,7
AID/river/river_172.jpg,7
AID/river/river_190.jpg,7
AID/river/river_194.jpg,7
AID/river/river_200.jpg,7
AID/river/river_209.jpg,7
AID/river/river_219.jpg,7
AID/river/river_240.jpg,7
AID/river/river_249.jpg,7
AID/river/river_260.jpg,7
AID/river/river_266.jpg,7
AID/river/river_278.jpg,7
AID/river/river_290.jpg,7
AID/river/river_293.jpg,7
AID/river/river_299.jpg,7
AID/river/river_306.jpg,7
AID/river/river_31.jpg,7
AID/river/river_310.jpg,7
AID/river/river_318.jpg,7
AID/river/river_324.jpg,7
AID/river/river_327.jpg,7
AID/river/river_34.jpg,7
AID/river/river_342.jpg,7
AID/river/river_357.jpg,7
AID/river/river_358.jpg,7
AID/river/river_363.jpg,7
AID/river/river_365.jpg,7
AID/river/river_371.jpg,7
AID/river/river_373.jpg,7
AID/river/river_381.jpg,7
AID/river/river_382.jpg,7
AID/river/river_385.jpg,7
AID/river/river_394.jpg,7
AID/river/river_395.jpg,7
AID/river/river_402.jpg,7
AID/river/river_403.jpg,7
AID/river/river_406.jpg,7
AID/river/river_408.jpg,7
AID/river/river_44.jpg,7
AID/river/river_45.jpg,7
AID/river/river_52.jpg,7
AID/river/river_56.jpg,7
AID/river/river_63.jpg,7
AID/river/river_66.jpg,7
AID/river/river_78.jpg,7
AID/river/river_82.jpg,7
AID/river/river_83.jpg,7
AID/river/river_84.jpg,7
AID/river/river_87.jpg,7
AID/sparse_residential/sparseresidential_101.jpg,8
AID/sparse_residential/sparseresidential_102.jpg,8
AID/sparse_residential/sparseresidential_104.jpg,8
AID/sparse_residential/sparseresidential_109.jpg,8
AID/sparse_residential/sparseresidential_11.jpg,8
AID/sparse_residential/sparseresidential_119.jpg,8
AID/sparse_residential/sparseresidential_12.jpg,8
AID/sparse_residential/sparseresidential_120.jpg,8
AID/sparse_residential/sparseresidential_128.jpg,8
AID/sparse_residential/sparseresidential_140.jpg,8
AID/sparse_residential/sparseresidential_149.jpg,8
AID/sparse_residential/sparseresidential_150.jpg,8
AID/sparse_residential/sparseresidential_156.jpg,8
AID/sparse_residential/sparseresidential_157.jpg,8
AID/sparse_residential/sparseresidential_160.jpg,8
AID/sparse_residential/sparseresidential_161.jpg,8
AID/sparse_residential/sparseresidential_163.jpg,8
AID/sparse_residential/sparseresidential_164.jpg,8
AID/sparse_residential/sparseresidential_167.jpg,8
AID/sparse_residential/sparseresidential_17.jpg,8
AID/sparse_residential/sparseresidential_170.jpg,8
AID/sparse_residential/sparseresidential_171.jpg,8
AID/sparse_residential/sparseresidential_172.jpg,8
AID/sparse_residential/sparseresidential_189.jpg,8
AID/sparse_residential/sparseresidential_204.jpg,8
AID/sparse_residential/sparseresidential_21.jpg,8
AID/sparse_residential/sparseresidential_210.jpg,8
AID/sparse_residential/sparseresidential_213.jpg,8
AID/sparse_residential/sparseresidential_215.jpg,8
AID/sparse_residential/sparseresidential_216.jpg,8
AID/sparse_residential/sparseresidential_219.jpg,8
AID/sparse_residential/sparseresidential_221.jpg,8
AID/sparse_residential/sparseresidential_228.jpg,8
AID/sparse_residential/sparseresidential_240.jpg,8
AID/sparse_residential/sparseresidential_245.jpg,8
AID/sparse_residential/sparseresidential_247.jpg,8
AID/sparse_residential/sparseresidential_250.jpg,8
AID/sparse_residential/sparseresidential_252.jpg,8
AID/sparse_residential/sparseresidential_265.jpg,8
AID/sparse_residential/sparseresidential_267.jpg,8
AID/sparse_residential/sparseresidential_269.jpg,8
AID/sparse_residential/sparseresidential_270.jpg,8
AID/sparse_residential/sparseresidential_282.jpg,8
AID/sparse_residential/sparseresidential_286.jpg,8
AID/sparse_residential/sparseresidential_290.jpg,8
AID/sparse_residential/sparseresidential_3.jpg,8
AID/sparse_residential/sparseresidential_31.jpg,8
AID/sparse_residential/sparseresidential_39.jpg,8
AID/sparse_residential/sparseresidential_4.jpg,8
AID/sparse_residential/sparseresidential_45.jpg,8
AID/sparse_residential/sparseresidential_49.jpg,8
AID/sparse_residential/sparseresidential_51.jpg,8
AID/sparse_residential/sparseresidential_53.jpg,8
AID/sparse_residential/sparseresidential_58.jpg,8
AID/sparse_residential/sparseresidential_61.jpg,8
AID/sparse_residential/sparseresidential_67.jpg,8
AID/sparse_residential/sparseresidential_68.jpg,8
AID/sparse_residential/sparseresidential_79.jpg,8
AID/sparse_residential/sparseresidential_8.jpg,8
AID/sparse_residential/sparseresidential_80.jpg,8
AID/sparse_residential/sparseresidential_83.jpg,8
AID/sparse_residential/sparseresidential_88.jpg,8
AID/sparse_residential/sparseresidential_92.jpg,8
AID/sparse_residential/sparseresidential_96.jpg,8
AID/storage_tanks/storagetanks_103.jpg,9
AID/storage_tanks/storagetanks_106.jpg,9
AID/storage_tanks/storagetanks_11.jpg,9
AID/storage_tanks/storagetanks_114.jpg,9
AID/storage_tanks/storagetanks_116.jpg,9
AID/storage_tanks/storagetanks_124.jpg,9
AID/storage_tanks/storagetanks_131.jpg,9
AID/storage_tanks/storagetanks_141.jpg,9
AID/storage_tanks/storagetanks_160.jpg,9
AID/storage_tanks/storagetanks_166.jpg,9
AID/storage_tanks/storagetanks_175.jpg,9
AID/storage_tanks/storagetanks_177.jpg,9
AID/storage_tanks/storagetanks_182.jpg,9
AID/storage_tanks/storagetanks_186.jpg,9
AID/storage_tanks/storagetanks_187.jpg,9
AID/storage_tanks/storagetanks_19.jpg,9
AID/storage_tanks/storagetanks_191.jpg,9
AID/storage_tanks/storagetanks_195.jpg,9
AID/storage_tanks/storagetanks_200.jpg,9
AID/storage_tanks/storagetanks_202.jpg,9
AID/storage_tanks/storagetanks_204.jpg,9
AID/storage_tanks/storagetanks_208.jpg,9
AID/storage_tanks/storagetanks_211.jpg,9
AID/storage_tanks/storagetanks_217.jpg,9
AID/storage_tanks/storagetanks_220.jpg,9
AID/storage_tanks/storagetanks_222.jpg,9
AID/storage_tanks/storagetanks_234.jpg,9
AID/storage_tanks/storagetanks_240.jpg,9
AID/storage_tanks/storagetanks_249.jpg,9
AID/storage_tanks/storagetanks_250.jpg,9
AID/storage_tanks/storagetanks_251.jpg,9
AID/storage_tanks/storagetanks_258.jpg,9
AID/storage_tanks/storagetanks_26.jpg,9
AID/storage_tanks/storagetanks_263.jpg,9
AID/storage_tanks/storagetanks_266.jpg,9
AID/storage_tanks/storagetanks_272.jpg,9
AID/storage_tanks/storagetanks_275.jpg,9
AID/storage_tanks/storagetanks_276.jpg,9
AID/storage_tanks/storagetanks_299.jpg,9
AID/storage_tanks/storagetanks_312.jpg,9
AID/storage_tanks/storagetanks_315.jpg,9
AID/storage_tanks/storagetanks_316.jpg,9
AID/storage_tanks/storagetanks_317.jpg,9
AID/storage_tanks/storagetanks_330.jpg,9
AID/storage_tanks/storagetanks_331.jpg,9
AID/storage_tanks/storagetanks_339.jpg,9
AID/storage_tanks/storagetanks_341.jpg,9
AID/storage_tanks/storagetanks_352.jpg,9
AID/storage_tanks/storagetanks_354.jpg,9
AID/storage_tanks/storagetanks_37.jpg,9
AID/storage_tanks/storagetanks_51.jpg,9
AID/storage_tanks/storagetanks_52.jpg,9
AID/storage_tanks/storagetanks_55.jpg,9
AID/storage_tanks/storagetanks_58.jpg,9
AID/storage_tanks/storagetanks_62.jpg,9
AID/storage_tanks/storagetanks_64.jpg,9
AID/storage_tanks/storagetanks_70.jpg,9
AID/storage_tanks/storagetanks_71.jpg,9
AID/storage_tanks/storagetanks_78.jpg,9
AID/storage_tanks/storagetanks_8.jpg,9
AID/storage_tanks/storagetanks_80.jpg,9
AID/storage_tanks/storagetanks_82.jpg,9
AID/storage_tanks/storagetanks_90.jpg,9
AID/storage_tanks/storagetanks_98.jpg,9
